Country,Month,heavyrain,flood
AR,12-Jan,15,2
AR,13-Jan,14,4
AR,14-Jan,31,5
AR,15-Jan,33,7
AR,16-Jan,33,4
AR,17-Jan,21,2
AR,18-Jan,25,6
AR,19-Jan,46,9
AR,20-Jan,33,4
AR,21-Jan,36,6
AR,22-Jan,36,3
AR,23-Jan,18,4
AR,12-Feb,29,4
AR,13-Feb,18,6
AR,14-Feb,35,4
AR,15-Feb,24,2
AR,16-Feb,43,2
AR,17-Feb,31,3
AR,18-Feb,7,5
AR,19-Feb,21,5
AR,20-Feb,36,5
AR,21-Feb,10,1
AR,22-Feb,25,6
AR,23-Feb,9,2
AR,12-Mar,15,1
AR,13-Mar,15,2
AR,14-Mar,31,3
AR,15-Mar,15,2
AR,16-Mar,14,2
AR,17-Mar,32,4
AR,18-Mar,11,2
AR,19-Mar,29,7
AR,20-Mar,19,2
AR,21-Mar,31,5
AR,22-Mar,33,6
AR,23-Mar,26,4
AR,12-Apr,15,3
AR,13-Apr,20,5
AR,14-Apr,35,4
AR,15-Apr,10,1
AR,16-Apr,34,4
AR,17-Apr,40,12
AR,18-Apr,28,4
AR,19-Apr,14,4
AR,20-Apr,23,3
AR,21-Apr,21,5
AR,22-Apr,14,0
AR,23-Apr,8,0
AR,12-May,15,6
AR,13-May,11,0
AR,14-May,13,2
AR,15-May,14,3
AR,16-May,3,0
AR,17-May,21,3
AR,18-May,18,4
AR,19-May,17,1
AR,20-May,6,1
AR,21-May,10,1
AR,22-May,6,1
AR,23-May,14,3
AR,12-Jun,3,0
AR,13-Jun,2,0
AR,14-Jun,8,2
AR,15-Jun,10,2
AR,16-Jun,8,1
AR,17-Jun,9,1
AR,18-Jun,1,0
AR,19-Jun,11,2
AR,20-Jun,4,1
AR,21-Jun,8,1
AR,22-Jun,3,1
AR,23-Jun,2,0
AR,12-Jul,4,0
AR,13-Jul,2,0
AR,14-Jul,13,4
AR,15-Jul,5,0
AR,16-Jul,3,0
AR,17-Jul,1,1
AR,18-Jul,4,1
AR,19-Jul,6,2
AR,20-Jul,4,0
AR,21-Jul,1,0
AR,22-Jul,2,0
AR,23-Jul,5,0
AR,12-Aug,21,1
AR,13-Aug,2,0
AR,14-Aug,10,4
AR,15-Aug,32,2
AR,16-Aug,3,1
AR,17-Aug,7,1
AR,18-Aug,2,1
AR,19-Aug,3,1
AR,20-Aug,7,2
AR,21-Aug,6,1
AR,22-Aug,8,2
AR,23-Aug,7,1
AR,12-Sep,11,3
AR,13-Sep,9,1
AR,14-Sep,14,1
AR,15-Sep,3,1
AR,16-Sep,2,0
AR,17-Sep,10,2
AR,18-Sep,8,1
AR,19-Sep,1,1
AR,20-Sep,6,2
AR,21-Sep,11,1
AR,22-Sep,6,1
AR,23-Sep,16,3
AR,12-Oct,41,12
AR,13-Oct,7,0
AR,14-Oct,21,3
AR,15-Oct,10,0
AR,16-Oct,19,3
AR,17-Oct,14,5
AR,18-Oct,12,2
AR,19-Oct,10,2
AR,20-Oct,15,2
AR,21-Oct,7,3
AR,22-Oct,11,0
AR,23-Oct,18,6
AR,12-Nov,18,5
AR,13-Nov,29,6
AR,14-Nov,26,4
AR,15-Nov,27,4
AR,16-Nov,15,1
AR,17-Nov,9,2
AR,18-Nov,34,6
AR,19-Nov,18,1
AR,20-Nov,14,4
AR,21-Nov,19,2
AR,22-Nov,7,1
AR,23-Nov,36,4
AR,12-Dec,40,9
AR,13-Dec,12,2
AR,14-Dec,24,6
AR,15-Dec,32,5
AR,16-Dec,24,3
AR,17-Dec,10,1
AR,18-Dec,34,5
AR,19-Dec,27,9
AR,20-Dec,17,5
AR,21-Dec,13,2
AR,22-Dec,9,0
AR,23-Dec,54,7
AU,12-Jan,3,0
AU,13-Jan,14,0
AU,14-Jan,11,1
AU,15-Jan,1,0
AU,16-Jan,2,0
AU,17-Jan,0,0
AU,18-Jan,3,0
AU,19-Jan,15,0
AU,20-Jan,1,0
AU,21-Jan,8,0
AU,22-Jan,0,0
AU,23-Jan,0,0
AU,12-Feb,0,0
AU,13-Feb,2,0
AU,14-Feb,8,0
AU,15-Feb,0,0
AU,16-Feb,15,0
AU,17-Feb,0,0
AU,18-Feb,0,0
AU,19-Feb,5,0
AU,20-Feb,8,0
AU,21-Feb,1,0
AU,22-Feb,2,0
AU,23-Feb,0,0
AU,12-Mar,0,0
AU,13-Mar,1,0
AU,14-Mar,6,0
AU,15-Mar,1,0
AU,16-Mar,0,0
AU,17-Mar,8,0
AU,18-Mar,0,0
AU,19-Mar,2,0
AU,20-Mar,0,0
AU,21-Mar,1,0
AU,22-Mar,0,0
AU,23-Mar,0,0
AU,12-Apr,0,0
AU,13-Apr,1,0
AU,14-Apr,1,0
AU,15-Apr,2,0
AU,16-Apr,4,0
AU,17-Apr,22,0
AU,18-Apr,1,0
AU,19-Apr,2,0
AU,20-Apr,0,0
AU,21-Apr,0,0
AU,22-Apr,0,0
AU,23-Apr,7,0
AU,12-May,3,0
AU,13-May,16,0
AU,14-May,27,3
AU,15-May,29,0
AU,16-May,24,1
AU,17-May,9,1
AU,18-May,9,0
AU,19-May,9,3
AU,20-May,1,0
AU,21-May,0,0
AU,22-May,3,0
AU,23-May,3,0
AU,12-Jun,5,1
AU,13-Jun,60,10
AU,14-Jun,11,0
AU,15-Jun,7,0
AU,16-Jun,19,3
AU,17-Jun,11,0
AU,18-Jun,14,0
AU,19-Jun,3,0
AU,20-Jun,27,0
AU,21-Jun,3,0
AU,22-Jun,6,1
AU,23-Jun,1,0
AU,12-Jul,26,0
AU,13-Jul,0,0
AU,14-Jul,27,1
AU,15-Jul,10,0
AU,16-Jul,28,0
AU,17-Jul,36,4
AU,18-Jul,7,0
AU,19-Jul,10,0
AU,20-Jul,16,0
AU,21-Jul,35,2
AU,22-Jul,3,0
AU,23-Jul,3,1
AU,12-Aug,21,0
AU,13-Aug,9,0
AU,14-Aug,9,0
AU,15-Aug,7,1
AU,16-Aug,52,2
AU,17-Aug,35,0
AU,18-Aug,5,0
AU,19-Aug,7,0
AU,20-Aug,58,0
AU,21-Aug,20,0
AU,22-Aug,13,0
AU,23-Aug,45,0
AU,12-Sep,9,0
AU,13-Sep,17,0
AU,14-Sep,22,0
AU,15-Sep,9,0
AU,16-Sep,17,3
AU,17-Sep,35,1
AU,18-Sep,16,0
AU,19-Sep,8,0
AU,20-Sep,26,0
AU,21-Sep,2,0
AU,22-Sep,1,0
AU,23-Sep,0,0
AU,12-Oct,16,0
AU,13-Oct,7,0
AU,14-Oct,36,4
AU,15-Oct,9,0
AU,16-Oct,0,0
AU,17-Oct,3,1
AU,18-Oct,30,4
AU,19-Oct,3,0
AU,20-Oct,8,1
AU,21-Oct,2,0
AU,22-Oct,0,0
AU,23-Oct,5,0
AU,12-Nov,22,1
AU,13-Nov,5,0
AU,14-Nov,20,3
AU,15-Nov,1,0
AU,16-Nov,7,0
AU,17-Nov,12,0
AU,18-Nov,1,0
AU,19-Nov,23,4
AU,20-Nov,0,0
AU,21-Nov,0,0
AU,22-Nov,0,0
AU,23-Nov,12,0
AU,12-Dec,0,0
AU,13-Dec,4,1
AU,14-Dec,1,0
AU,15-Dec,1,0
AU,16-Dec,0,0
AU,17-Dec,4,0
AU,18-Dec,8,0
AU,19-Dec,3,0
AU,20-Dec,18,3
AU,21-Dec,0,0
AU,22-Dec,0,0
AU,23-Dec,6,0
BR,12-Jan,24,2
BR,13-Jan,15,1
BR,14-Jan,13,2
BR,15-Jan,10,0
BR,16-Jan,27,3
BR,17-Jan,19,5
BR,18-Jan,14,5
BR,19-Jan,20,0
BR,20-Jan,23,4
BR,21-Jan,15,3
BR,22-Jan,25,3
BR,23-Jan,7,2
BR,12-Feb,14,0
BR,13-Feb,10,1
BR,14-Feb,21,2
BR,15-Feb,8,1
BR,16-Feb,21,4
BR,17-Feb,22,2
BR,18-Feb,30,3
BR,19-Feb,35,2
BR,20-Feb,18,0
BR,21-Feb,22,2
BR,22-Feb,5,1
BR,23-Feb,14,0
BR,12-Mar,12,1
BR,13-Mar,22,4
BR,14-Mar,36,6
BR,15-Mar,12,0
BR,16-Mar,24,4
BR,17-Mar,28,0
BR,18-Mar,16,3
BR,19-Mar,35,6
BR,20-Mar,29,3
BR,21-Mar,29,5
BR,22-Mar,29,4
BR,23-Mar,18,0
BR,12-Apr,10,0
BR,13-Apr,15,3
BR,14-Apr,26,2
BR,15-Apr,12,1
BR,16-Apr,17,3
BR,17-Apr,20,1
BR,18-Apr,17,2
BR,19-Apr,30,6
BR,20-Apr,10,1
BR,21-Apr,19,1
BR,22-Apr,11,0
BR,23-Apr,11,0
BR,12-May,6,1
BR,13-May,16,5
BR,14-May,18,6
BR,15-May,6,0
BR,16-May,8,1
BR,17-May,22,0
BR,18-May,13,3
BR,19-May,16,2
BR,20-May,20,3
BR,21-May,12,2
BR,22-May,13,2
BR,23-May,3,1
BR,12-Jun,8,1
BR,13-Jun,7,0
BR,14-Jun,8,1
BR,15-Jun,9,0
BR,16-Jun,3,0
BR,17-Jun,10,3
BR,18-Jun,12,1
BR,19-Jun,6,0
BR,20-Jun,9,0
BR,21-Jun,6,3
BR,22-Jun,9,0
BR,23-Jun,1,0
BR,12-Jul,6,1
BR,13-Jul,10,2
BR,14-Jul,7,2
BR,15-Jul,3,0
BR,16-Jul,4,0
BR,17-Jul,9,2
BR,18-Jul,4,1
BR,19-Jul,5,1
BR,20-Jul,7,0
BR,21-Jul,1,0
BR,22-Jul,3,1
BR,23-Jul,3,0
BR,12-Aug,2,0
BR,13-Aug,6,1
BR,14-Aug,2,0
BR,15-Aug,0,0
BR,16-Aug,0,0
BR,17-Aug,3,0
BR,18-Aug,4,1
BR,19-Aug,1,0
BR,20-Aug,3,0
BR,21-Aug,7,0
BR,22-Aug,8,1
BR,23-Aug,2,1
BR,12-Sep,2,1
BR,13-Sep,10,1
BR,14-Sep,4,0
BR,15-Sep,4,0
BR,16-Sep,2,0
BR,17-Sep,4,1
BR,18-Sep,8,1
BR,19-Sep,2,0
BR,20-Sep,2,0
BR,21-Sep,8,1
BR,22-Sep,1,0
BR,23-Sep,1,0
BR,12-Oct,8,4
BR,13-Oct,8,0
BR,14-Oct,5,1
BR,15-Oct,3,1
BR,16-Oct,13,1
BR,17-Oct,5,1
BR,18-Oct,15,3
BR,19-Oct,2,0
BR,20-Oct,7,1
BR,21-Oct,15,3
BR,22-Oct,3,1
BR,23-Oct,4,1
BR,12-Nov,11,2
BR,13-Nov,18,4
BR,14-Nov,11,1
BR,15-Nov,11,1
BR,16-Nov,21,1
BR,17-Nov,18,3
BR,18-Nov,9,3
BR,19-Nov,12,1
BR,20-Nov,14,1
BR,21-Nov,8,2
BR,22-Nov,6,1
BR,23-Nov,8,2
BR,12-Dec,11,1
BR,13-Dec,22,4
BR,14-Dec,10,1
BR,15-Dec,7,0
BR,16-Dec,18,2
BR,17-Dec,30,3
BR,18-Dec,13,0
BR,19-Dec,16,2
BR,20-Dec,9,2
BR,21-Dec,20,4
BR,22-Dec,13,2
BR,23-Dec,6,0
CA,12-Jan,34,3
CA,13-Jan,19,0
CA,14-Jan,38,1
CA,15-Jan,39,0
CA,16-Jan,479,35
CA,17-Jan,141,10
CA,18-Jan,120,15
CA,19-Jan,132,16
CA,20-Jan,28,1
CA,21-Jan,14,1
CA,22-Jan,31,0
CA,23-Jan,26,2
CA,12-Feb,13,1
CA,13-Feb,8,1
CA,14-Feb,14,1
CA,15-Feb,78,7
CA,16-Feb,234,27
CA,17-Feb,75,5
CA,18-Feb,47,5
CA,19-Feb,56,1
CA,20-Feb,15,2
CA,21-Feb,26,5
CA,22-Feb,18,1
CA,23-Feb,7,0
CA,12-Mar,11,1
CA,13-Mar,27,0
CA,14-Mar,12,1
CA,15-Mar,99,18
CA,16-Mar,54,4
CA,17-Mar,78,10
CA,18-Mar,37,7
CA,19-Mar,130,30
CA,20-Mar,5,1
CA,21-Mar,19,1
CA,22-Mar,14,4
CA,23-Mar,1,0
CA,12-Apr,22,2
CA,13-Apr,9,0
CA,14-Apr,15,0
CA,15-Apr,45,8
CA,16-Apr,25,8
CA,17-Apr,60,13
CA,18-Apr,66,13
CA,19-Apr,67,9
CA,20-Apr,4,0
CA,21-Apr,22,1
CA,22-Apr,35,8
CA,23-Apr,9,1
CA,12-May,16,0
CA,13-May,27,1
CA,14-May,10,2
CA,15-May,10,0
CA,16-May,17,1
CA,17-May,47,7
CA,18-May,47,3
CA,19-May,47,12
CA,20-May,11,2
CA,21-May,10,2
CA,22-May,33,7
CA,23-May,14,1
CA,12-Jun,41,0
CA,13-Jun,66,3
CA,14-Jun,62,1
CA,15-Jun,34,5
CA,16-Jun,30,1
CA,17-Jun,34,7
CA,18-Jun,38,4
CA,19-Jun,31,1
CA,20-Jun,35,3
CA,21-Jun,42,4
CA,22-Jun,57,4
CA,23-Jun,83,8
CA,12-Jul,41,3
CA,13-Jul,46,6
CA,14-Jul,46,4
CA,15-Jul,54,12
CA,16-Jul,41,2
CA,17-Jul,26,5
CA,18-Jul,46,2
CA,19-Jul,34,3
CA,20-Jul,43,4
CA,21-Jul,32,2
CA,22-Jul,41,2
CA,23-Jul,87,4
CA,12-Aug,27,2
CA,13-Aug,31,3
CA,14-Aug,48,2
CA,15-Aug,56,12
CA,16-Aug,64,2
CA,17-Aug,25,6
CA,18-Aug,34,0
CA,19-Aug,28,6
CA,20-Aug,47,6
CA,21-Aug,20,1
CA,22-Aug,41,3
CA,23-Aug,58,10
CA,12-Sep,79,9
CA,13-Sep,54,2
CA,14-Sep,47,0
CA,15-Sep,59,9
CA,16-Sep,24,0
CA,17-Sep,45,5
CA,18-Sep,30,1
CA,19-Sep,44,6
CA,20-Sep,43,3
CA,21-Sep,105,5
CA,22-Sep,52,3
CA,23-Sep,25,2
CA,12-Oct,45,3
CA,13-Oct,15,0
CA,14-Oct,43,5
CA,15-Oct,86,12
CA,16-Oct,88,12
CA,17-Oct,82,11
CA,18-Oct,97,13
CA,19-Oct,27,2
CA,20-Oct,21,1
CA,21-Oct,30,0
CA,22-Oct,25,1
CA,23-Oct,46,3
CA,12-Nov,13,2
CA,13-Nov,22,2
CA,14-Nov,42,3
CA,15-Nov,94,8
CA,16-Nov,83,5
CA,17-Nov,147,8
CA,18-Nov,193,19
CA,19-Nov,63,5
CA,20-Nov,26,2
CA,21-Nov,103,14
CA,22-Nov,30,3
CA,23-Nov,44,3
CA,12-Dec,17,0
CA,13-Dec,31,0
CA,14-Dec,78,8
CA,15-Dec,266,8
CA,16-Dec,62,3
CA,17-Dec,75,12
CA,18-Dec,183,17
CA,19-Dec,25,5
CA,20-Dec,45,1
CA,21-Dec,22,2
CA,22-Dec,35,2
CA,23-Dec,82,6
CH,12-Jan,5,0
CH,13-Jan,8,2
CH,14-Jan,0,0
CH,15-Jan,29,1
CH,16-Jan,115,11
CH,17-Jan,62,0
CH,18-Jan,74,1
CH,19-Jan,79,0
CH,20-Jan,150,3
CH,21-Jan,29,0
CH,22-Jan,63,1
CH,23-Jan,15,1
CH,12-Feb,15,0
CH,13-Feb,3,1
CH,14-Feb,6,0
CH,15-Feb,14,0
CH,16-Feb,66,0
CH,17-Feb,54,0
CH,18-Feb,29,0
CH,19-Feb,57,1
CH,20-Feb,101,1
CH,21-Feb,50,3
CH,22-Feb,128,1
CH,23-Feb,20,0
CH,12-Mar,29,2
CH,13-Mar,26,2
CH,14-Mar,34,9
CH,15-Mar,23,1
CH,16-Mar,65,10
CH,17-Mar,47,3
CH,18-Mar,40,5
CH,19-Mar,52,9
CH,20-Mar,43,3
CH,21-Mar,39,0
CH,22-Mar,79,1
CH,23-Mar,45,4
CH,12-Apr,87,15
CH,13-Apr,54,1
CH,14-Apr,58,2
CH,15-Apr,38,2
CH,16-Apr,88,7
CH,17-Apr,34,2
CH,18-Apr,53,4
CH,19-Apr,60,5
CH,20-Apr,19,0
CH,21-Apr,12,3
CH,22-Apr,51,7
CH,23-Apr,50,9
CH,12-May,102,15
CH,13-May,164,26
CH,14-May,159,35
CH,15-May,163,25
CH,16-May,137,16
CH,17-May,89,9
CH,18-May,97,10
CH,19-May,104,18
CH,20-May,94,6
CH,21-May,107,9
CH,22-May,120,19
CH,23-May,79,10
CH,12-Jun,207,35
CH,13-Jun,167,21
CH,14-Jun,187,25
CH,15-Jun,171,32
CH,16-Jun,237,45
CH,17-Jun,249,48
CH,18-Jun,175,40
CH,19-Jun,197,27
CH,20-Jun,187,26
CH,21-Jun,162,23
CH,22-Jun,229,46
CH,23-Jun,111,16
CH,12-Jul,236,46
CH,13-Jul,243,36
CH,14-Jul,188,36
CH,15-Jul,218,31
CH,16-Jul,231,67
CH,17-Jul,219,49
CH,18-Jul,204,25
CH,19-Jul,219,36
CH,20-Jul,211,50
CH,21-Jul,239,57
CH,22-Jul,171,36
CH,23-Jul,207,28
CH,12-Aug,190,46
CH,13-Aug,208,47
CH,14-Aug,178,21
CH,15-Aug,174,36
CH,16-Aug,174,32
CH,17-Aug,201,36
CH,18-Aug,259,62
CH,19-Aug,242,49
CH,20-Aug,206,33
CH,21-Aug,195,17
CH,22-Aug,114,19
CH,23-Aug,160,16
CH,12-Sep,80,16
CH,13-Sep,104,19
CH,14-Sep,105,21
CH,15-Sep,99,15
CH,16-Sep,154,39
CH,17-Sep,80,6
CH,18-Sep,82,13
CH,19-Sep,70,7
CH,20-Sep,112,10
CH,21-Sep,119,18
CH,22-Sep,69,18
CH,23-Sep,114,26
CH,12-Oct,28,7
CH,13-Oct,35,12
CH,14-Oct,33,5
CH,15-Oct,64,14
CH,16-Oct,125,27
CH,17-Oct,63,16
CH,18-Oct,13,1
CH,19-Oct,22,6
CH,20-Oct,41,5
CH,21-Oct,114,29
CH,22-Oct,47,5
CH,23-Oct,46,15
CH,12-Nov,29,1
CH,13-Nov,46,10
CH,14-Nov,18,3
CH,15-Nov,78,11
CH,16-Nov,75,5
CH,17-Nov,52,0
CH,18-Nov,68,2
CH,19-Nov,19,1
CH,20-Nov,38,3
CH,21-Nov,51,1
CH,22-Nov,30,1
CH,23-Nov,44,1
CH,12-Dec,2,0
CH,13-Dec,56,8
CH,14-Dec,6,1
CH,15-Dec,131,8
CH,16-Dec,69,4
CH,17-Dec,50,3
CH,18-Dec,97,3
CH,19-Dec,87,2
CH,20-Dec,41,1
CH,21-Dec,72,0
CH,22-Dec,0,0
CH,23-Dec,12,0
FR,12-Jan,5,0
FR,13-Jan,1,0
FR,14-Jan,9,0
FR,15-Jan,1,0
FR,16-Jan,0,0
FR,17-Jan,6,0
FR,18-Jan,15,0
FR,19-Jan,0,0
FR,20-Jan,2,1
FR,21-Jan,0,0
FR,22-Jan,3,0
FR,23-Jan,5,0
FR,12-Feb,2,0
FR,13-Feb,2,0
FR,14-Feb,3,0
FR,15-Feb,1,0
FR,16-Feb,6,0
FR,17-Feb,5,1
FR,18-Feb,4,0
FR,19-Feb,2,0
FR,20-Feb,0,0
FR,21-Feb,0,0
FR,22-Feb,1,0
FR,23-Feb,1,0
FR,12-Mar,1,0
FR,13-Mar,9,3
FR,14-Mar,2,0
FR,15-Mar,6,1
FR,16-Mar,1,0
FR,17-Mar,2,0
FR,18-Mar,4,1
FR,19-Mar,1,0
FR,20-Mar,0,0
FR,21-Mar,0,0
FR,22-Mar,4,0
FR,23-Mar,2,0
FR,12-Apr,7,1
FR,13-Apr,1,1
FR,14-Apr,2,0
FR,15-Apr,4,1
FR,16-Apr,2,0
FR,17-Apr,1,0
FR,18-Apr,5,0
FR,19-Apr,6,0
FR,20-Apr,7,0
FR,21-Apr,1,0
FR,22-Apr,1,0
FR,23-Apr,0,0
FR,12-May,14,1
FR,13-May,15,1
FR,14-May,6,0
FR,15-May,2,0
FR,16-May,9,1
FR,17-May,6,0
FR,18-May,6,1
FR,19-May,1,0
FR,20-May,13,0
FR,21-May,10,3
FR,22-May,0,0
FR,23-May,0,0
FR,12-Jun,1,0
FR,13-Jun,7,1
FR,14-Jun,3,0
FR,15-Jun,6,1
FR,16-Jun,1,0
FR,17-Jun,2,0
FR,18-Jun,16,0
FR,19-Jun,1,0
FR,20-Jun,10,1
FR,21-Jun,9,0
FR,22-Jun,10,0
FR,23-Jun,7,0
FR,12-Jul,2,0
FR,13-Jul,11,0
FR,14-Jul,7,0
FR,15-Jul,2,0
FR,16-Jul,2,0
FR,17-Jul,2,0
FR,18-Jul,9,0
FR,19-Jul,0,0
FR,20-Jul,0,0
FR,21-Jul,4,0
FR,22-Jul,0,0
FR,23-Jul,4,0
FR,12-Aug,2,0
FR,13-Aug,4,0
FR,14-Aug,1,0
FR,15-Aug,9,1
FR,16-Aug,0,0
FR,17-Aug,2,0
FR,18-Aug,5,0
FR,19-Aug,4,0
FR,20-Aug,1,0
FR,21-Aug,0,0
FR,22-Aug,4,0
FR,23-Aug,3,0
FR,12-Sep,14,2
FR,13-Sep,2,0
FR,14-Sep,11,2
FR,15-Sep,16,3
FR,16-Sep,7,1
FR,17-Sep,6,0
FR,18-Sep,1,0
FR,19-Sep,2,1
FR,20-Sep,4,1
FR,21-Sep,10,3
FR,22-Sep,7,0
FR,23-Sep,5,2
FR,12-Oct,17,2
FR,13-Oct,7,1
FR,14-Oct,9,0
FR,15-Oct,19,7
FR,16-Oct,17,3
FR,17-Oct,1,1
FR,18-Oct,33,5
FR,19-Oct,28,4
FR,20-Oct,16,0
FR,21-Oct,23,2
FR,22-Oct,3,0
FR,23-Oct,13,1
FR,12-Nov,16,0
FR,13-Nov,9,0
FR,14-Nov,50,5
FR,15-Nov,5,0
FR,16-Nov,15,2
FR,17-Nov,3,1
FR,18-Nov,13,2
FR,19-Nov,21,2
FR,20-Nov,5,1
FR,21-Nov,14,2
FR,22-Nov,13,1
FR,23-Nov,1,0
FR,12-Dec,5,1
FR,13-Dec,13,2
FR,14-Dec,6,0
FR,15-Dec,0,0
FR,16-Dec,5,2
FR,17-Dec,5,0
FR,18-Dec,3,0
FR,19-Dec,13,1
FR,20-Dec,7,0
FR,21-Dec,3,0
FR,22-Dec,4,0
FR,23-Dec,2,0
GB,12-Jan,4,2
GB,13-Jan,6,1
GB,14-Jan,7,0
GB,15-Jan,5,0
GB,16-Jan,7,1
GB,17-Jan,9,1
GB,18-Jan,3,1
GB,19-Jan,2,1
GB,20-Jan,3,0
GB,21-Jan,3,1
GB,22-Jan,1,0
GB,23-Jan,1,0
GB,12-Feb,2,1
GB,13-Feb,1,0
GB,14-Feb,4,0
GB,15-Feb,6,1
GB,16-Feb,2,1
GB,17-Feb,8,1
GB,18-Feb,7,4
GB,19-Feb,7,1
GB,20-Feb,4,1
GB,21-Feb,0,0
GB,22-Feb,4,1
GB,23-Feb,1,0
GB,12-Mar,5,1
GB,13-Mar,10,1
GB,14-Mar,6,0
GB,15-Mar,5,1
GB,16-Mar,13,0
GB,17-Mar,4,3
GB,18-Mar,6,2
GB,19-Mar,1,0
GB,20-Mar,4,2
GB,21-Mar,7,2
GB,22-Mar,0,0
GB,23-Mar,3,1
GB,12-Apr,5,1
GB,13-Apr,0,0
GB,14-Apr,4,1
GB,15-Apr,7,4
GB,16-Apr,11,2
GB,17-Apr,11,3
GB,18-Apr,7,1
GB,19-Apr,5,1
GB,20-Apr,6,3
GB,21-Apr,2,0
GB,22-Apr,1,0
GB,23-Apr,3,0
GB,12-May,4,3
GB,13-May,1,1
GB,14-May,11,4
GB,15-May,5,3
GB,16-May,3,1
GB,17-May,5,2
GB,18-May,6,1
GB,19-May,3,0
GB,20-May,1,0
GB,21-May,3,0
GB,22-May,3,0
GB,23-May,1,0
GB,12-Jun,0,0
GB,13-Jun,0,0
GB,14-Jun,2,2
GB,15-Jun,0,0
GB,16-Jun,1,0
GB,17-Jun,2,1
GB,18-Jun,1,1
GB,19-Jun,0,0
GB,20-Jun,2,1
GB,21-Jun,2,0
GB,22-Jun,0,0
GB,23-Jun,0,0
GB,12-Jul,0,0
GB,13-Jul,0,0
GB,14-Jul,1,0
GB,15-Jul,0,0
GB,16-Jul,0,0
GB,17-Jul,0,0
GB,18-Jul,2,1
GB,19-Jul,1,0
GB,20-Jul,0,0
GB,21-Jul,1,0
GB,22-Jul,0,0
GB,23-Jul,1,0
GB,12-Aug,0,0
GB,13-Aug,0,0
GB,14-Aug,1,0
GB,15-Aug,0,0
GB,16-Aug,2,2
GB,17-Aug,0,0
GB,18-Aug,0,0
GB,19-Aug,0,0
GB,20-Aug,0,0
GB,21-Aug,2,0
GB,22-Aug,0,0
GB,23-Aug,0,0
GB,12-Sep,3,2
GB,13-Sep,0,0
GB,14-Sep,3,0
GB,15-Sep,0,0
GB,16-Sep,1,0
GB,17-Sep,1,1
GB,18-Sep,6,1
GB,19-Sep,6,3
GB,20-Sep,0,0
GB,21-Sep,1,0
GB,22-Sep,0,0
GB,23-Sep,0,0
GB,12-Oct,10,3
GB,13-Oct,3,1
GB,14-Oct,7,4
GB,15-Oct,8,4
GB,16-Oct,3,1
GB,17-Oct,7,2
GB,18-Oct,3,1
GB,19-Oct,6,2
GB,20-Oct,4,0
GB,21-Oct,5,3
GB,22-Oct,2,1
GB,23-Oct,2,1
GB,12-Nov,5,1
GB,13-Nov,14,3
GB,14-Nov,17,9
GB,15-Nov,12,3
GB,16-Nov,9,2
GB,17-Nov,13,3
GB,18-Nov,6,3
GB,19-Nov,3,2
GB,20-Nov,4,0
GB,21-Nov,4,0
GB,22-Nov,2,0
GB,23-Nov,6,2
GB,12-Dec,3,1
GB,13-Dec,8,2
GB,14-Dec,7,2
GB,15-Dec,7,4
GB,16-Dec,3,2
GB,17-Dec,5,1
GB,18-Dec,6,0
GB,19-Dec,2,0
GB,20-Dec,3,1
GB,21-Dec,6,2
GB,22-Dec,0,0
GB,23-Dec,4,1
GM,12-Jan,0,0
GM,13-Jan,0,0
GM,14-Jan,0,0
GM,15-Jan,3,3
GM,16-Jan,0,0
GM,17-Jan,0,0
GM,18-Jan,0,0
GM,19-Jan,0,0
GM,20-Jan,0,0
GM,21-Jan,1,1
GM,22-Jan,0,0
GM,23-Jan,1,0
GM,12-Feb,0,0
GM,13-Feb,0,0
GM,14-Feb,0,0
GM,15-Feb,0,0
GM,16-Feb,0,0
GM,17-Feb,0,0
GM,18-Feb,0,0
GM,19-Feb,0,0
GM,20-Feb,1,1
GM,21-Feb,0,0
GM,22-Feb,0,0
GM,23-Feb,0,0
GM,12-Mar,0,0
GM,13-Mar,0,0
GM,14-Mar,0,0
GM,15-Mar,0,0
GM,16-Mar,0,0
GM,17-Mar,0,0
GM,18-Mar,1,1
GM,19-Mar,0,0
GM,20-Mar,0,0
GM,21-Mar,0,0
GM,22-Mar,0,0
GM,23-Mar,0,0
GM,12-Apr,0,0
GM,13-Apr,0,0
GM,14-Apr,0,0
GM,15-Apr,0,0
GM,16-Apr,0,0
GM,17-Apr,0,0
GM,18-Apr,0,0
GM,19-Apr,0,0
GM,20-Apr,0,0
GM,21-Apr,0,0
GM,22-Apr,0,0
GM,23-Apr,0,0
GM,12-May,0,0
GM,13-May,1,1
GM,14-May,0,0
GM,15-May,0,0
GM,16-May,2,0
GM,17-May,0,0
GM,18-May,0,0
GM,19-May,0,0
GM,20-May,0,0
GM,21-May,0,0
GM,22-May,0,0
GM,23-May,0,0
GM,12-Jun,0,0
GM,13-Jun,0,0
GM,14-Jun,0,0
GM,15-Jun,3,2
GM,16-Jun,0,0
GM,17-Jun,0,0
GM,18-Jun,2,0
GM,19-Jun,0,0
GM,20-Jun,1,0
GM,21-Jun,0,0
GM,22-Jun,0,0
GM,23-Jun,0,0
GM,12-Jul,0,0
GM,13-Jul,0,0
GM,14-Jul,0,0
GM,15-Jul,0,0
GM,16-Jul,0,0
GM,17-Jul,0,0
GM,18-Jul,0,0
GM,19-Jul,0,0
GM,20-Jul,0,0
GM,21-Jul,3,0
GM,22-Jul,0,0
GM,23-Jul,0,0
GM,12-Aug,1,0
GM,13-Aug,0,0
GM,14-Aug,0,0
GM,15-Aug,1,1
GM,16-Aug,0,0
GM,17-Aug,0,0
GM,18-Aug,0,0
GM,19-Aug,0,0
GM,20-Aug,0,0
GM,21-Aug,0,0
GM,22-Aug,0,0
GM,23-Aug,1,0
GM,12-Sep,0,0
GM,13-Sep,1,1
GM,14-Sep,0,0
GM,15-Sep,0,0
GM,16-Sep,1,1
GM,17-Sep,0,0
GM,18-Sep,0,0
GM,19-Sep,0,0
GM,20-Sep,0,0
GM,21-Sep,0,0
GM,22-Sep,0,0
GM,23-Sep,0,0
GM,12-Oct,1,0
GM,13-Oct,0,0
GM,14-Oct,0,0
GM,15-Oct,0,0
GM,16-Oct,0,0
GM,17-Oct,0,0
GM,18-Oct,0,0
GM,19-Oct,0,0
GM,20-Oct,0,0
GM,21-Oct,0,0
GM,22-Oct,0,0
GM,23-Oct,0,0
GM,12-Nov,0,0
GM,13-Nov,3,3
GM,14-Nov,0,0
GM,15-Nov,0,0
GM,16-Nov,0,0
GM,17-Nov,0,0
GM,18-Nov,1,1
GM,19-Nov,2,1
GM,20-Nov,0,0
GM,21-Nov,0,0
GM,22-Nov,0,0
GM,23-Nov,0,0
GM,12-Dec,0,0
GM,13-Dec,3,2
GM,14-Dec,0,0
GM,15-Dec,0,0
GM,16-Dec,0,0
GM,17-Dec,0,0
GM,18-Dec,1,1
GM,19-Dec,0,0
GM,20-Dec,0,0
GM,21-Dec,0,0
GM,22-Dec,0,0
GM,23-Dec,0,0
ID,12-Jan,54,3
ID,13-Jan,98,16
ID,14-Jan,37,3
ID,15-Jan,64,5
ID,16-Jan,55,9
ID,17-Jan,84,12
ID,18-Jan,54,8
ID,19-Jan,87,14
ID,20-Jan,80,20
ID,21-Jan,115,21
ID,22-Jan,68,12
ID,23-Jan,56,11
ID,12-Feb,62,9
ID,13-Feb,87,14
ID,14-Feb,19,4
ID,15-Feb,64,9
ID,16-Feb,92,13
ID,17-Feb,59,8
ID,18-Feb,82,12
ID,19-Feb,68,7
ID,20-Feb,76,12
ID,21-Feb,51,6
ID,22-Feb,76,11
ID,23-Feb,77,19
ID,12-Mar,84,8
ID,13-Mar,58,5
ID,14-Mar,16,1
ID,15-Mar,48,6
ID,16-Mar,66,12
ID,17-Mar,65,9
ID,18-Mar,56,6
ID,19-Mar,65,7
ID,20-Mar,83,8
ID,21-Mar,69,11
ID,22-Mar,71,7
ID,23-Mar,74,8
ID,12-Apr,61,5
ID,13-Apr,83,8
ID,14-Apr,22,2
ID,15-Apr,55,10
ID,16-Apr,71,9
ID,17-Apr,70,3
ID,18-Apr,59,4
ID,19-Apr,79,8
ID,20-Apr,77,8
ID,21-Apr,53,4
ID,22-Apr,49,7
ID,23-Apr,68,9
ID,12-May,83,8
ID,13-May,38,3
ID,14-May,30,7
ID,15-May,34,4
ID,16-May,63,12
ID,17-May,78,9
ID,18-May,39,6
ID,19-May,32,4
ID,20-May,70,11
ID,21-May,57,4
ID,22-May,61,8
ID,23-May,51,7
ID,12-Jun,43,8
ID,13-Jun,15,0
ID,14-Jun,38,7
ID,15-Jun,44,5
ID,16-Jun,62,11
ID,17-Jun,75,14
ID,18-Jun,40,5
ID,19-Jun,50,9
ID,20-Jun,48,9
ID,21-Jun,51,5
ID,22-Jun,57,10
ID,23-Jun,55,4
ID,12-Jul,52,7
ID,13-Jul,36,8
ID,14-Jul,21,1
ID,15-Jul,11,1
ID,16-Jul,69,14
ID,17-Jul,50,7
ID,18-Jul,20,1
ID,19-Jul,19,2
ID,20-Jul,58,7
ID,21-Jul,45,12
ID,22-Jul,74,19
ID,23-Jul,46,12
ID,12-Aug,33,8
ID,13-Aug,15,3
ID,14-Aug,31,4
ID,15-Aug,14,2
ID,16-Aug,33,3
ID,17-Aug,42,5
ID,18-Aug,18,2
ID,19-Aug,18,1
ID,20-Aug,34,5
ID,21-Aug,69,17
ID,22-Aug,77,13
ID,23-Aug,29,7
ID,12-Sep,28,5
ID,13-Sep,12,0
ID,14-Sep,15,1
ID,15-Sep,8,3
ID,16-Sep,72,2
ID,17-Sep,45,6
ID,18-Sep,33,6
ID,19-Sep,12,3
ID,20-Sep,56,9
ID,21-Sep,70,5
ID,22-Sep,68,12
ID,23-Sep,27,4
ID,12-Oct,49,2
ID,13-Oct,12,3
ID,14-Oct,21,1
ID,15-Oct,12,1
ID,16-Oct,76,10
ID,17-Oct,67,9
ID,18-Oct,47,4
ID,19-Oct,29,4
ID,20-Oct,64,11
ID,21-Oct,44,3
ID,22-Oct,80,19
ID,23-Oct,40,14
ID,12-Nov,79,9
ID,13-Nov,26,5
ID,14-Nov,62,5
ID,15-Nov,48,10
ID,16-Nov,80,7
ID,17-Nov,79,5
ID,18-Nov,74,7
ID,19-Nov,34,2
ID,20-Nov,68,7
ID,21-Nov,111,19
ID,22-Nov,77,13
ID,23-Nov,71,16
ID,12-Dec,83,11
ID,13-Dec,67,9
ID,14-Dec,92,13
ID,15-Dec,81,12
ID,16-Dec,90,12
ID,17-Dec,60,10
ID,18-Dec,81,14
ID,19-Dec,83,8
ID,20-Dec,89,8
ID,21-Dec,105,17
ID,22-Dec,79,11
ID,23-Dec,69,5
IN,12-Jan,3,0
IN,13-Jan,3,0
IN,14-Jan,0,0
IN,15-Jan,2,0
IN,16-Jan,4,1
IN,17-Jan,14,1
IN,18-Jan,1,1
IN,19-Jan,3,0
IN,20-Jan,7,0
IN,21-Jan,23,4
IN,22-Jan,9,2
IN,23-Jan,2,0
IN,12-Feb,1,0
IN,13-Feb,4,0
IN,14-Feb,3,0
IN,15-Feb,0,0
IN,16-Feb,8,0
IN,17-Feb,5,0
IN,18-Feb,2,1
IN,19-Feb,20,4
IN,20-Feb,4,0
IN,21-Feb,5,1
IN,22-Feb,7,0
IN,23-Feb,3,0
IN,12-Mar,1,0
IN,13-Mar,3,1
IN,14-Mar,2,0
IN,15-Mar,8,0
IN,16-Mar,6,0
IN,17-Mar,10,2
IN,18-Mar,6,1
IN,19-Mar,1,0
IN,20-Mar,4,0
IN,21-Mar,0,0
IN,22-Mar,3,0
IN,23-Mar,12,1
IN,12-Apr,11,0
IN,13-Apr,4,0
IN,14-Apr,1,0
IN,15-Apr,11,3
IN,16-Apr,19,2
IN,17-Apr,25,3
IN,18-Apr,15,0
IN,19-Apr,9,2
IN,20-Apr,19,0
IN,21-Apr,9,0
IN,22-Apr,27,2
IN,23-Apr,17,1
IN,12-May,16,5
IN,13-May,27,3
IN,14-May,28,7
IN,15-May,18,2
IN,16-May,80,15
IN,17-May,36,2
IN,18-May,50,9
IN,19-May,44,6
IN,20-May,61,5
IN,21-May,121,34
IN,22-May,98,18
IN,23-May,29,3
IN,12-Jun,65,11
IN,13-Jun,123,35
IN,14-Jun,42,6
IN,15-Jun,99,24
IN,16-Jun,174,44
IN,17-Jun,169,36
IN,18-Jun,165,44
IN,19-Jun,124,23
IN,20-Jun,193,36
IN,21-Jun,164,40
IN,22-Jun,178,43
IN,23-Jun,191,44
IN,12-Jul,94,17
IN,13-Jul,123,24
IN,14-Jul,110,29
IN,15-Jul,99,25
IN,16-Jul,283,60
IN,17-Jul,229,63
IN,18-Jul,228,47
IN,19-Jul,341,87
IN,20-Jul,300,63
IN,21-Jul,284,71
IN,22-Jul,283,76
IN,23-Jul,362,91
IN,12-Aug,111,23
IN,13-Aug,87,13
IN,14-Aug,102,24
IN,15-Aug,80,10
IN,16-Aug,196,46
IN,17-Aug,195,39
IN,18-Aug,210,43
IN,19-Aug,288,83
IN,20-Aug,301,73
IN,21-Aug,144,23
IN,22-Aug,253,50
IN,23-Aug,161,29
IN,12-Sep,74,15
IN,13-Sep,58,8
IN,14-Sep,59,13
IN,15-Sep,47,4
IN,16-Sep,120,26
IN,17-Sep,124,20
IN,18-Sep,87,11
IN,19-Sep,280,59
IN,20-Sep,181,32
IN,21-Sep,204,58
IN,22-Sep,127,22
IN,23-Sep,170,27
IN,12-Oct,54,10
IN,13-Oct,77,20
IN,14-Oct,49,15
IN,15-Oct,12,1
IN,16-Oct,37,4
IN,17-Oct,84,16
IN,18-Oct,47,9
IN,19-Oct,150,26
IN,20-Oct,89,16
IN,21-Oct,107,23
IN,22-Oct,105,13
IN,23-Oct,55,11
IN,12-Nov,20,5
IN,13-Nov,16,4
IN,14-Nov,10,1
IN,15-Nov,42,17
IN,16-Nov,10,3
IN,17-Nov,39,5
IN,18-Nov,29,5
IN,19-Nov,39,5
IN,20-Nov,49,18
IN,21-Nov,108,25
IN,22-Nov,40,8
IN,23-Nov,64,14
IN,12-Dec,4,1
IN,13-Dec,12,0
IN,14-Dec,8,1
IN,15-Dec,30,6
IN,16-Dec,16,3
IN,17-Dec,20,6
IN,18-Dec,17,3
IN,19-Dec,26,5
IN,20-Dec,29,9
IN,21-Dec,28,5
IN,22-Dec,19,5
IN,23-Dec,47,20
IT,12-Jan,3,0
IT,13-Jan,16,3
IT,14-Jan,19,3
IT,15-Jan,5,0
IT,16-Jan,0,0
IT,17-Jan,11,3
IT,18-Jan,3,1
IT,19-Jan,2,0
IT,20-Jan,0,0
IT,21-Jan,4,0
IT,22-Jan,3,0
IT,23-Jan,3,0
IT,12-Feb,15,1
IT,13-Feb,1,1
IT,14-Feb,12,0
IT,15-Feb,18,1
IT,16-Feb,11,2
IT,17-Feb,1,0
IT,18-Feb,8,0
IT,19-Feb,4,0
IT,20-Feb,0,0
IT,21-Feb,0,0
IT,22-Feb,1,0
IT,23-Feb,5,1
IT,12-Mar,6,0
IT,13-Mar,8,0
IT,14-Mar,8,0
IT,15-Mar,7,0
IT,16-Mar,10,1
IT,17-Mar,4,0
IT,18-Mar,7,0
IT,19-Mar,0,0
IT,20-Mar,13,0
IT,21-Mar,4,0
IT,22-Mar,1,0
IT,23-Mar,1,0
IT,12-Apr,4,0
IT,13-Apr,4,0
IT,14-Apr,6,0
IT,15-Apr,1,0
IT,16-Apr,3,1
IT,17-Apr,7,0
IT,18-Apr,1,0
IT,19-Apr,9,1
IT,20-Apr,2,0
IT,21-Apr,4,0
IT,22-Apr,1,0
IT,23-Apr,2,0
IT,12-May,10,0
IT,13-May,11,1
IT,14-May,4,0
IT,15-May,8,1
IT,16-May,11,0
IT,17-May,1,0
IT,18-May,5,0
IT,19-May,3,0
IT,20-May,2,0
IT,21-May,3,0
IT,22-May,0,0
IT,23-May,15,1
IT,12-Jun,3,1
IT,13-Jun,1,0
IT,14-Jun,8,0
IT,15-Jun,3,1
IT,16-Jun,11,0
IT,17-Jun,2,0
IT,18-Jun,11,0
IT,19-Jun,0,0
IT,20-Jun,13,2
IT,21-Jun,1,0
IT,22-Jun,3,0
IT,23-Jun,8,3
IT,12-Jul,4,0
IT,13-Jul,1,0
IT,14-Jul,11,1
IT,15-Jul,2,0
IT,16-Jul,7,1
IT,17-Jul,1,0
IT,18-Jul,2,1
IT,19-Jul,16,1
IT,20-Jul,4,0
IT,21-Jul,3,0
IT,22-Jul,1,0
IT,23-Jul,2,0
IT,12-Aug,5,0
IT,13-Aug,6,0
IT,14-Aug,6,1
IT,15-Aug,9,1
IT,16-Aug,12,0
IT,17-Aug,1,1
IT,18-Aug,8,0
IT,19-Aug,12,4
IT,20-Aug,12,1
IT,21-Aug,3,0
IT,22-Aug,6,0
IT,23-Aug,14,3
IT,12-Sep,14,3
IT,13-Sep,6,0
IT,14-Sep,14,3
IT,15-Sep,13,0
IT,16-Sep,13,1
IT,17-Sep,22,4
IT,18-Sep,1,0
IT,19-Sep,11,4
IT,20-Sep,9,0
IT,21-Sep,10,0
IT,22-Sep,23,3
IT,23-Sep,5,1
IT,12-Oct,17,3
IT,13-Oct,18,3
IT,14-Oct,13,3
IT,15-Oct,32,3
IT,16-Oct,19,1
IT,17-Oct,3,0
IT,18-Oct,61,7
IT,19-Oct,16,3
IT,20-Oct,18,0
IT,21-Oct,20,3
IT,22-Oct,7,0
IT,23-Oct,8,1
IT,12-Nov,39,7
IT,13-Nov,19,3
IT,14-Nov,33,4
IT,15-Nov,10,3
IT,16-Nov,24,1
IT,17-Nov,27,4
IT,18-Nov,23,0
IT,19-Nov,54,3
IT,20-Nov,7,1
IT,21-Nov,18,2
IT,22-Nov,15,2
IT,23-Nov,7,1
IT,12-Dec,4,1
IT,13-Dec,14,4
IT,14-Dec,10,0
IT,15-Dec,5,2
IT,16-Dec,6,0
IT,17-Dec,7,1
IT,18-Dec,3,1
IT,19-Dec,10,1
IT,20-Dec,22,2
IT,21-Dec,2,0
IT,22-Dec,9,0
IT,23-Dec,2,0
JA,12-Jan,11,2
JA,13-Jan,19,2
JA,14-Jan,9,2
JA,15-Jan,33,9
JA,16-Jan,41,2
JA,17-Jan,13,4
JA,18-Jan,15,2
JA,19-Jan,3,0
JA,20-Jan,42,2
JA,21-Jan,12,1
JA,22-Jan,12,0
JA,23-Jan,15,1
JA,12-Feb,43,4
JA,13-Feb,12,1
JA,14-Feb,76,16
JA,15-Feb,13,2
JA,16-Feb,46,3
JA,17-Feb,19,0
JA,18-Feb,10,0
JA,19-Feb,14,2
JA,20-Feb,11,1
JA,21-Feb,43,5
JA,22-Feb,16,1
JA,23-Feb,17,0
JA,12-Mar,40,5
JA,13-Mar,16,4
JA,14-Mar,73,0
JA,15-Mar,58,7
JA,16-Mar,43,5
JA,17-Mar,18,3
JA,18-Mar,100,14
JA,19-Mar,31,2
JA,20-Mar,46,7
JA,21-Mar,62,7
JA,22-Mar,54,8
JA,23-Mar,24,4
JA,12-Apr,68,9
JA,13-Apr,74,11
JA,14-Apr,45,7
JA,15-Apr,63,6
JA,16-Apr,106,16
JA,17-Apr,91,17
JA,18-Apr,72,12
JA,19-Apr,50,4
JA,20-Apr,72,7
JA,21-Apr,86,7
JA,22-Apr,78,7
JA,23-Apr,57,6
JA,12-May,72,24
JA,13-May,53,8
JA,14-May,97,6
JA,15-May,57,11
JA,16-May,84,9
JA,17-May,53,12
JA,18-May,113,16
JA,19-May,76,23
JA,20-May,98,24
JA,21-May,159,23
JA,22-May,105,19
JA,23-May,43,5
JA,12-Jun,251,78
JA,13-Jun,170,32
JA,14-Jun,167,41
JA,15-Jun,191,36
JA,16-Jun,227,51
JA,17-Jun,144,29
JA,18-Jun,177,48
JA,19-Jun,165,26
JA,20-Jun,230,46
JA,21-Jun,133,26
JA,22-Jun,142,28
JA,23-Jun,64,22
JA,12-Jul,159,30
JA,13-Jul,80,10
JA,14-Jul,135,41
JA,15-Jul,203,49
JA,16-Jul,130,39
JA,17-Jul,122,19
JA,18-Jul,238,109
JA,19-Jul,205,55
JA,20-Jul,389,91
JA,21-Jul,180,58
JA,22-Jul,167,47
JA,23-Jul,102,30
JA,12-Aug,94,28
JA,13-Aug,134,32
JA,14-Aug,239,54
JA,15-Aug,158,31
JA,16-Aug,177,38
JA,17-Aug,114,21
JA,18-Aug,111,25
JA,19-Aug,161,34
JA,20-Aug,67,16
JA,21-Aug,383,118
JA,22-Aug,157,28
JA,23-Aug,149,50
JA,12-Sep,139,35
JA,13-Sep,226,67
JA,14-Sep,75,10
JA,15-Sep,169,37
JA,16-Sep,252,60
JA,17-Sep,140,34
JA,18-Sep,258,64
JA,19-Sep,91,32
JA,20-Sep,181,30
JA,21-Sep,121,25
JA,22-Sep,189,57
JA,23-Sep,86,21
JA,12-Oct,81,13
JA,13-Oct,212,59
JA,14-Oct,189,63
JA,15-Oct,36,9
JA,16-Oct,69,9
JA,17-Oct,269,90
JA,18-Oct,84,13
JA,19-Oct,220,63
JA,20-Oct,119,28
JA,21-Oct,54,10
JA,22-Oct,37,7
JA,23-Oct,44,4
JA,12-Nov,59,5
JA,13-Nov,36,1
JA,14-Nov,26,3
JA,15-Nov,56,6
JA,16-Nov,27,2
JA,17-Nov,26,6
JA,18-Nov,16,1
JA,19-Nov,31,7
JA,20-Nov,12,1
JA,21-Nov,55,8
JA,22-Nov,53,12
JA,23-Nov,33,1
JA,12-Dec,32,2
JA,13-Dec,36,4
JA,14-Dec,48,4
JA,15-Dec,63,6
JA,16-Dec,36,1
JA,17-Dec,10,0
JA,18-Dec,23,3
JA,19-Dec,31,5
JA,20-Dec,17,1
JA,21-Dec,39,0
JA,22-Dec,26,2
JA,23-Dec,15,2
KR,12-Jan,0,0
KR,13-Jan,0,0
KR,14-Jan,0,0
KR,15-Jan,1,1
KR,16-Jan,5,4
KR,17-Jan,0,0
KR,18-Jan,1,0
KR,19-Jan,7,2
KR,20-Jan,2,0
KR,21-Jan,0,0
KR,22-Jan,1,0
KR,23-Jan,1,0
KR,12-Feb,0,0
KR,13-Feb,3,1
KR,14-Feb,2,1
KR,15-Feb,1,0
KR,16-Feb,8,6
KR,17-Feb,0,0
KR,18-Feb,1,1
KR,19-Feb,1,0
KR,20-Feb,4,1
KR,21-Feb,0,0
KR,22-Feb,3,0
KR,23-Feb,2,0
KR,12-Mar,0,0
KR,13-Mar,0,0
KR,14-Mar,1,0
KR,15-Mar,3,1
KR,16-Mar,7,2
KR,17-Mar,0,0
KR,18-Mar,0,0
KR,19-Mar,9,1
KR,20-Mar,5,0
KR,21-Mar,3,0
KR,22-Mar,0,0
KR,23-Mar,1,0
KR,12-Apr,0,0
KR,13-Apr,2,1
KR,14-Apr,4,2
KR,15-Apr,0,0
KR,16-Apr,12,3
KR,17-Apr,1,0
KR,18-Apr,0,0
KR,19-Apr,10,4
KR,20-Apr,3,1
KR,21-Apr,0,0
KR,22-Apr,1,0
KR,23-Apr,2,0
KR,12-May,0,0
KR,13-May,0,0
KR,14-May,0,0
KR,15-May,3,1
KR,16-May,2,0
KR,17-May,1,0
KR,18-May,0,0
KR,19-May,3,0
KR,20-May,2,0
KR,21-May,2,0
KR,22-May,0,0
KR,23-May,5,0
KR,12-Jun,0,0
KR,13-Jun,0,0
KR,14-Jun,3,1
KR,15-Jun,10,4
KR,16-Jun,1,0
KR,17-Jun,0,0
KR,18-Jun,2,0
KR,19-Jun,4,1
KR,20-Jun,0,0
KR,21-Jun,1,0
KR,22-Jun,0,0
KR,23-Jun,10,2
KR,12-Jul,0,0
KR,13-Jul,0,0
KR,14-Jul,1,0
KR,15-Jul,4,1
KR,16-Jul,1,0
KR,17-Jul,1,1
KR,18-Jul,0,0
KR,19-Jul,1,0
KR,20-Jul,0,0
KR,21-Jul,2,0
KR,22-Jul,3,0
KR,23-Jul,6,0
KR,12-Aug,0,0
KR,13-Aug,0,0
KR,14-Aug,0,0
KR,15-Aug,3,1
KR,16-Aug,0,0
KR,17-Aug,1,0
KR,18-Aug,2,0
KR,19-Aug,1,0
KR,20-Aug,1,0
KR,21-Aug,0,0
KR,22-Aug,0,0
KR,23-Aug,3,0
KR,12-Sep,1,0
KR,13-Sep,0,0
KR,14-Sep,0,0
KR,15-Sep,4,0
KR,16-Sep,0,0
KR,17-Sep,1,0
KR,18-Sep,0,0
KR,19-Sep,1,0
KR,20-Sep,0,0
KR,21-Sep,1,1
KR,22-Sep,1,0
KR,23-Sep,4,0
KR,12-Oct,1,0
KR,13-Oct,0,0
KR,14-Oct,0,0
KR,15-Oct,1,0
KR,16-Oct,0,0
KR,17-Oct,0,0
KR,18-Oct,0,0
KR,19-Oct,0,0
KR,20-Oct,1,0
KR,21-Oct,0,0
KR,22-Oct,0,0
KR,23-Oct,4,2
KR,12-Nov,0,0
KR,13-Nov,0,0
KR,14-Nov,0,0
KR,15-Nov,2,1
KR,16-Nov,0,0
KR,17-Nov,1,0
KR,18-Nov,1,0
KR,19-Nov,1,0
KR,20-Nov,0,0
KR,21-Nov,0,0
KR,22-Nov,0,0
KR,23-Nov,8,0
KR,12-Dec,0,0
KR,13-Dec,1,0
KR,14-Dec,0,0
KR,15-Dec,6,0
KR,16-Dec,1,0
KR,17-Dec,2,1
KR,18-Dec,3,0
KR,19-Dec,4,2
KR,20-Dec,0,0
KR,21-Dec,0,0
KR,22-Dec,0,0
KR,23-Dec,10,1
MX,12-Jan,4,1
MX,13-Jan,3,1
MX,14-Jan,3,0
MX,15-Jan,5,2
MX,16-Jan,1,0
MX,17-Jan,3,0
MX,18-Jan,6,1
MX,19-Jan,3,0
MX,20-Jan,3,1
MX,21-Jan,5,1
MX,22-Jan,0,0
MX,23-Jan,3,0
MX,12-Feb,2,0
MX,13-Feb,1,1
MX,14-Feb,1,0
MX,15-Feb,2,1
MX,16-Feb,0,0
MX,17-Feb,1,0
MX,18-Feb,2,0
MX,19-Feb,1,1
MX,20-Feb,2,0
MX,21-Feb,0,0
MX,22-Feb,4,0
MX,23-Feb,3,0
MX,12-Mar,0,0
MX,13-Mar,0,0
MX,14-Mar,1,0
MX,15-Mar,15,0
MX,16-Mar,3,0
MX,17-Mar,1,0
MX,18-Mar,2,0
MX,19-Mar,0,0
MX,20-Mar,0,0
MX,21-Mar,1,0
MX,22-Mar,0,0
MX,23-Mar,3,1
MX,12-Apr,6,1
MX,13-Apr,1,0
MX,14-Apr,3,0
MX,15-Apr,4,1
MX,16-Apr,2,0
MX,17-Apr,3,0
MX,18-Apr,7,1
MX,19-Apr,1,0
MX,20-Apr,4,0
MX,21-Apr,3,0
MX,22-Apr,7,1
MX,23-Apr,1,0
MX,12-May,8,0
MX,13-May,14,1
MX,14-May,17,4
MX,15-May,6,2
MX,16-May,5,0
MX,17-May,10,2
MX,18-May,4,1
MX,19-May,8,1
MX,20-May,12,0
MX,21-May,15,0
MX,22-May,6,0
MX,23-May,4,0
MX,12-Jun,29,6
MX,13-Jun,20,6
MX,14-Jun,34,2
MX,15-Jun,25,2
MX,16-Jun,34,4
MX,17-Jun,43,8
MX,18-Jun,32,4
MX,19-Jun,35,5
MX,20-Jun,53,17
MX,21-Jun,45,7
MX,22-Jun,21,2
MX,23-Jun,13,1
MX,12-Jul,12,0
MX,13-Jul,26,1
MX,14-Jul,13,1
MX,15-Jul,13,2
MX,16-Jul,27,1
MX,17-Jul,25,3
MX,18-Jul,10,1
MX,19-Jul,16,1
MX,20-Jul,21,1
MX,21-Jul,22,1
MX,22-Jul,11,1
MX,23-Jul,24,3
MX,12-Aug,36,14
MX,13-Aug,36,3
MX,14-Aug,17,0
MX,15-Aug,18,2
MX,16-Aug,45,6
MX,17-Aug,25,3
MX,18-Aug,19,2
MX,19-Aug,12,1
MX,20-Aug,42,8
MX,21-Aug,28,8
MX,22-Aug,15,0
MX,23-Aug,24,5
MX,12-Sep,33,5
MX,13-Sep,74,23
MX,14-Sep,54,11
MX,15-Sep,32,5
MX,16-Sep,34,9
MX,17-Sep,46,15
MX,18-Sep,31,4
MX,19-Sep,41,9
MX,20-Sep,25,6
MX,21-Sep,37,2
MX,22-Sep,53,14
MX,23-Sep,11,0
MX,12-Oct,19,4
MX,13-Oct,29,5
MX,14-Oct,36,10
MX,15-Oct,36,13
MX,16-Oct,9,2
MX,17-Oct,31,7
MX,18-Oct,24,3
MX,19-Oct,28,3
MX,20-Oct,26,11
MX,21-Oct,15,1
MX,22-Oct,11,2
MX,23-Oct,26,7
MX,12-Nov,3,0
MX,13-Nov,22,5
MX,14-Nov,13,4
MX,15-Nov,14,3
MX,16-Nov,6,2
MX,17-Nov,4,0
MX,18-Nov,9,2
MX,19-Nov,13,1
MX,20-Nov,21,4
MX,21-Nov,4,0
MX,22-Nov,7,1
MX,23-Nov,11,1
MX,12-Dec,0,0
MX,13-Dec,2,1
MX,14-Dec,4,0
MX,15-Dec,3,1
MX,16-Dec,5,1
MX,17-Dec,3,0
MX,18-Dec,3,0
MX,19-Dec,2,0
MX,20-Dec,4,0
MX,21-Dec,0,0
MX,22-Dec,1,1
MX,23-Dec,1,0
RS,12-Jan,0,0
RS,13-Jan,4,2
RS,14-Jan,3,0
RS,15-Jan,10,2
RS,16-Jan,12,1
RS,17-Jan,5,0
RS,18-Jan,7,0
RS,19-Jan,9,0
RS,20-Jan,8,0
RS,21-Jan,6,0
RS,22-Jan,5,0
RS,23-Jan,1,0
RS,12-Feb,0,0
RS,13-Feb,0,0
RS,14-Feb,3,1
RS,15-Feb,9,1
RS,16-Feb,8,1
RS,17-Feb,10,0
RS,18-Feb,7,1
RS,19-Feb,9,1
RS,20-Feb,8,0
RS,21-Feb,6,0
RS,22-Feb,4,0
RS,23-Feb,6,1
RS,12-Mar,0,0
RS,13-Mar,3,0
RS,14-Mar,9,2
RS,15-Mar,7,2
RS,16-Mar,15,0
RS,17-Mar,8,0
RS,18-Mar,8,0
RS,19-Mar,11,0
RS,20-Mar,7,1
RS,21-Mar,8,1
RS,22-Mar,7,1
RS,23-Mar,2,1
RS,12-Apr,3,1
RS,13-Apr,5,1
RS,14-Apr,8,2
RS,15-Apr,8,1
RS,16-Apr,14,0
RS,17-Apr,10,1
RS,18-Apr,7,0
RS,19-Apr,10,1
RS,20-Apr,4,0
RS,21-Apr,9,2
RS,22-Apr,7,0
RS,23-Apr,3,1
RS,12-May,5,2
RS,13-May,23,4
RS,14-May,19,1
RS,15-May,18,3
RS,16-May,28,2
RS,17-May,13,2
RS,18-May,10,0
RS,19-May,19,4
RS,20-May,9,0
RS,21-May,10,1
RS,22-May,15,1
RS,23-May,8,0
RS,12-Jun,14,1
RS,13-Jun,39,6
RS,14-Jun,35,7
RS,15-Jun,31,5
RS,16-Jun,27,3
RS,17-Jun,23,3
RS,18-Jun,22,5
RS,19-Jun,24,4
RS,20-Jun,22,5
RS,21-Jun,39,2
RS,22-Jun,21,1
RS,23-Jun,29,2
RS,12-Jul,20,2
RS,13-Jul,65,6
RS,14-Jul,61,9
RS,15-Jul,55,7
RS,16-Jul,69,6
RS,17-Jul,48,6
RS,18-Jul,58,4
RS,19-Jul,64,5
RS,20-Jul,35,4
RS,21-Jul,41,4
RS,22-Jul,41,1
RS,23-Jul,51,4
RS,12-Aug,30,5
RS,13-Aug,61,6
RS,14-Aug,31,3
RS,15-Aug,40,4
RS,16-Aug,78,7
RS,17-Aug,57,4
RS,18-Aug,37,2
RS,19-Aug,58,3
RS,20-Aug,46,4
RS,21-Aug,51,4
RS,22-Aug,51,6
RS,23-Aug,56,6
RS,12-Sep,28,7
RS,13-Sep,31,4
RS,14-Sep,29,4
RS,15-Sep,19,2
RS,16-Sep,19,2
RS,17-Sep,28,2
RS,18-Sep,48,5
RS,19-Sep,26,2
RS,20-Sep,27,4
RS,21-Sep,25,4
RS,22-Sep,32,4
RS,23-Sep,8,3
RS,12-Oct,26,5
RS,13-Oct,21,1
RS,14-Oct,19,3
RS,15-Oct,35,2
RS,16-Oct,23,1
RS,17-Oct,18,2
RS,18-Oct,17,3
RS,19-Oct,12,1
RS,20-Oct,23,0
RS,21-Oct,7,0
RS,22-Oct,14,4
RS,23-Oct,16,0
RS,12-Nov,15,2
RS,13-Nov,25,3
RS,14-Nov,11,0
RS,15-Nov,15,1
RS,16-Nov,13,0
RS,17-Nov,10,1
RS,18-Nov,9,0
RS,19-Nov,14,0
RS,20-Nov,13,1
RS,21-Nov,16,0
RS,22-Nov,12,1
RS,23-Nov,16,0
RS,12-Dec,6,0
RS,13-Dec,7,0
RS,14-Dec,9,0
RS,15-Dec,12,0
RS,16-Dec,12,0
RS,17-Dec,9,2
RS,18-Dec,2,1
RS,19-Dec,5,0
RS,20-Dec,4,1
RS,21-Dec,4,1
RS,22-Dec,10,0
RS,23-Dec,5,0
SA,12-Jan,1,0
SA,13-Jan,2,0
SA,14-Jan,2,0
SA,15-Jan,1,0
SA,16-Jan,0,0
SA,17-Jan,0,0
SA,18-Jan,0,0
SA,19-Jan,4,1
SA,20-Jan,0,0
SA,21-Jan,0,0
SA,22-Jan,0,0
SA,23-Jan,1,0
SA,12-Feb,0,0
SA,13-Feb,0,0
SA,14-Feb,0,0
SA,15-Feb,0,0
SA,16-Feb,1,0
SA,17-Feb,5,1
SA,18-Feb,1,0
SA,19-Feb,0,0
SA,20-Feb,0,0
SA,21-Feb,1,0
SA,22-Feb,0,0
SA,23-Feb,1,0
SA,12-Mar,1,0
SA,13-Mar,0,0
SA,14-Mar,2,0
SA,15-Mar,1,0
SA,16-Mar,0,0
SA,17-Mar,1,0
SA,18-Mar,0,0
SA,19-Mar,0,0
SA,20-Mar,3,1
SA,21-Mar,0,0
SA,22-Mar,2,0
SA,23-Mar,3,1
SA,12-Apr,2,0
SA,13-Apr,3,1
SA,14-Apr,0,0
SA,15-Apr,1,0
SA,16-Apr,5,2
SA,17-Apr,0,0
SA,18-Apr,1,0
SA,19-Apr,1,0
SA,20-Apr,1,0
SA,21-Apr,1,0
SA,22-Apr,1,0
SA,23-Apr,1,0
SA,12-May,0,0
SA,13-May,2,1
SA,14-May,1,0
SA,15-May,0,0
SA,16-May,1,0
SA,17-May,0,0
SA,18-May,3,0
SA,19-May,1,0
SA,20-May,0,0
SA,21-May,0,0
SA,22-May,0,0
SA,23-May,0,0
SA,12-Jun,0,0
SA,13-Jun,0,0
SA,14-Jun,0,0
SA,15-Jun,0,0
SA,16-Jun,0,0
SA,17-Jun,0,0
SA,18-Jun,1,0
SA,19-Jun,0,0
SA,20-Jun,0,0
SA,21-Jun,2,0
SA,22-Jun,0,0
SA,23-Jun,0,0
SA,12-Jul,0,0
SA,13-Jul,1,0
SA,14-Jul,0,0
SA,15-Jul,0,0
SA,16-Jul,1,0
SA,17-Jul,1,0
SA,18-Jul,0,0
SA,19-Jul,0,0
SA,20-Jul,0,0
SA,21-Jul,0,0
SA,22-Jul,1,0
SA,23-Jul,0,0
SA,12-Aug,0,0
SA,13-Aug,0,0
SA,14-Aug,0,0
SA,15-Aug,0,0
SA,16-Aug,0,0
SA,17-Aug,0,0
SA,18-Aug,1,0
SA,19-Aug,1,0
SA,20-Aug,3,0
SA,21-Aug,1,0
SA,22-Aug,1,1
SA,23-Aug,0,0
SA,12-Sep,0,0
SA,13-Sep,0,0
SA,14-Sep,0,0
SA,15-Sep,0,0
SA,16-Sep,0,0
SA,17-Sep,0,0
SA,18-Sep,0,0
SA,19-Sep,0,0
SA,20-Sep,0,0
SA,21-Sep,0,0
SA,22-Sep,0,0
SA,23-Sep,0,0
SA,12-Oct,0,0
SA,13-Oct,0,0
SA,14-Oct,1,0
SA,15-Oct,0,0
SA,16-Oct,0,0
SA,17-Oct,0,0
SA,18-Oct,1,0
SA,19-Oct,0,0
SA,20-Oct,0,0
SA,21-Oct,0,0
SA,22-Oct,0,0
SA,23-Oct,0,0
SA,12-Nov,0,0
SA,13-Nov,2,0
SA,14-Nov,0,0
SA,15-Nov,3,1
SA,16-Nov,0,0
SA,17-Nov,1,1
SA,18-Nov,3,0
SA,19-Nov,2,0
SA,20-Nov,0,0
SA,21-Nov,0,0
SA,22-Nov,1,0
SA,23-Nov,0,0
SA,12-Dec,0,0
SA,13-Dec,4,0
SA,14-Dec,0,0
SA,15-Dec,1,0
SA,16-Dec,1,0
SA,17-Dec,0,0
SA,18-Dec,0,0
SA,19-Dec,0,0
SA,20-Dec,1,0
SA,21-Dec,1,0
SA,22-Dec,0,0
SA,23-Dec,0,0
TU,12-Jan,22,0
TU,13-Jan,3,0
TU,14-Jan,11,0
TU,15-Jan,31,3
TU,16-Jan,28,2
TU,17-Jan,21,0
TU,18-Jan,19,4
TU,19-Jan,51,9
TU,20-Jan,23,3
TU,21-Jan,18,2
TU,22-Jan,39,1
TU,23-Jan,21,3
TU,12-Feb,9,0
TU,13-Feb,2,0
TU,14-Feb,2,0
TU,15-Feb,17,1
TU,16-Feb,3,0
TU,17-Feb,5,2
TU,18-Feb,5,2
TU,19-Feb,4,0
TU,20-Feb,14,2
TU,21-Feb,12,3
TU,22-Feb,20,4
TU,23-Feb,13,1
TU,12-Mar,3,0
TU,13-Mar,1,0
TU,14-Mar,14,1
TU,15-Mar,13,0
TU,16-Mar,1,0
TU,17-Mar,8,1
TU,18-Mar,6,1
TU,19-Mar,6,0
TU,20-Mar,5,0
TU,21-Mar,7,0
TU,22-Mar,11,0
TU,23-Mar,10,0
TU,12-Apr,1,0
TU,13-Apr,1,0
TU,14-Apr,1,0
TU,15-Apr,1,0
TU,16-Apr,2,0
TU,17-Apr,6,0
TU,18-Apr,0,0
TU,19-Apr,3,0
TU,20-Apr,0,0
TU,21-Apr,0,0
TU,22-Apr,0,0
TU,23-Apr,5,0
TU,12-May,1,0
TU,13-May,1,0
TU,14-May,1,1
TU,15-May,4,0
TU,16-May,1,0
TU,17-May,4,0
TU,18-May,9,0
TU,19-May,2,0
TU,20-May,2,1
TU,21-May,1,0
TU,22-May,2,0
TU,23-May,6,1
TU,12-Jun,0,0
TU,13-Jun,2,0
TU,14-Jun,3,0
TU,15-Jun,13,0
TU,16-Jun,4,2
TU,17-Jun,6,1
TU,18-Jun,5,0
TU,19-Jun,6,1
TU,20-Jun,2,0
TU,21-Jun,2,0
TU,22-Jun,9,0
TU,23-Jun,10,1
TU,12-Jul,3,0
TU,13-Jul,1,1
TU,14-Jul,7,0
TU,15-Jul,1,1
TU,16-Jul,5,2
TU,17-Jul,4,0
TU,18-Jul,1,0
TU,19-Jul,3,0
TU,20-Jul,2,0
TU,21-Jul,1,1
TU,22-Jul,3,0
TU,23-Jul,10,0
TU,12-Aug,3,0
TU,13-Aug,2,1
TU,14-Aug,11,1
TU,15-Aug,8,1
TU,16-Aug,8,1
TU,17-Aug,4,0
TU,18-Aug,4,0
TU,19-Aug,10,2
TU,20-Aug,2,0
TU,21-Aug,5,1
TU,22-Aug,4,0
TU,23-Aug,0,0
TU,12-Sep,2,0
TU,13-Sep,9,1
TU,14-Sep,22,1
TU,15-Sep,13,2
TU,16-Sep,11,2
TU,17-Sep,5,3
TU,18-Sep,9,1
TU,19-Sep,9,1
TU,20-Sep,1,0
TU,21-Sep,8,2
TU,22-Sep,10,1
TU,23-Sep,6,2
TU,12-Oct,5,1
TU,13-Oct,29,0
TU,14-Oct,19,2
TU,15-Oct,36,6
TU,16-Oct,9,0
TU,17-Oct,13,1
TU,18-Oct,15,0
TU,19-Oct,8,0
TU,20-Oct,4,0
TU,21-Oct,8,3
TU,22-Oct,7,2
TU,23-Oct,10,1
TU,12-Nov,11,1
TU,13-Nov,16,1
TU,14-Nov,24,4
TU,15-Nov,16,1
TU,16-Nov,25,2
TU,17-Nov,5,0
TU,18-Nov,14,4
TU,19-Nov,16,4
TU,20-Nov,8,0
TU,21-Nov,10,0
TU,22-Nov,8,1
TU,23-Nov,39,4
TU,12-Dec,16,1
TU,13-Dec,7,0
TU,14-Dec,25,1
TU,15-Dec,5,0
TU,16-Dec,22,6
TU,17-Dec,10,0
TU,18-Dec,43,1
TU,19-Dec,31,4
TU,20-Dec,23,5
TU,21-Dec,29,6
TU,22-Dec,7,1
TU,23-Dec,9,0
US,12-Jan,0,0
US,13-Jan,0,0
US,14-Jan,0,0
US,15-Jan,0,0
US,16-Jan,0,0
US,17-Jan,0,0
US,18-Jan,0,0
US,19-Jan,0,0
US,20-Jan,0,0
US,21-Jan,0,0
US,22-Jan,0,0
US,23-Jan,0,0
US,12-Feb,0,0
US,13-Feb,0,0
US,14-Feb,0,0
US,15-Feb,0,0
US,16-Feb,0,0
US,17-Feb,0,0
US,18-Feb,0,0
US,19-Feb,0,0
US,20-Feb,0,0
US,21-Feb,0,0
US,22-Feb,0,0
US,23-Feb,0,0
US,12-Mar,0,0
US,13-Mar,0,0
US,14-Mar,0,0
US,15-Mar,0,0
US,16-Mar,0,0
US,17-Mar,0,0
US,18-Mar,0,0
US,19-Mar,0,0
US,20-Mar,0,0
US,21-Mar,0,0
US,22-Mar,0,0
US,23-Mar,0,0
US,12-Apr,1,1
US,13-Apr,0,0
US,14-Apr,0,0
US,15-Apr,0,0
US,16-Apr,0,0
US,17-Apr,0,0
US,18-Apr,0,0
US,19-Apr,0,0
US,20-Apr,0,0
US,21-Apr,0,0
US,22-Apr,0,0
US,23-Apr,0,0
US,12-May,1,1
US,13-May,0,0
US,14-May,0,0
US,15-May,0,0
US,16-May,0,0
US,17-May,0,0
US,18-May,0,0
US,19-May,0,0
US,20-May,0,0
US,21-May,0,0
US,22-May,0,0
US,23-May,0,0
US,12-Jun,0,0
US,13-Jun,0,0
US,14-Jun,0,0
US,15-Jun,0,0
US,16-Jun,0,0
US,17-Jun,0,0
US,18-Jun,0,0
US,19-Jun,0,0
US,20-Jun,0,0
US,21-Jun,0,0
US,22-Jun,0,0
US,23-Jun,0,0
US,12-Jul,1,0
US,13-Jul,0,0
US,14-Jul,0,0
US,15-Jul,0,0
US,16-Jul,0,0
US,17-Jul,0,0
US,18-Jul,0,0
US,19-Jul,0,0
US,20-Jul,0,0
US,21-Jul,0,0
US,22-Jul,0,0
US,23-Jul,0,0
US,12-Aug,1,0
US,13-Aug,0,0
US,14-Aug,0,0
US,15-Aug,0,0
US,16-Aug,0,0
US,17-Aug,0,0
US,18-Aug,0,0
US,19-Aug,0,0
US,20-Aug,0,0
US,21-Aug,0,0
US,22-Aug,0,0
US,23-Aug,0,0
US,12-Sep,0,0
US,13-Sep,0,0
US,14-Sep,0,0
US,15-Sep,0,0
US,16-Sep,0,0
US,17-Sep,0,0
US,18-Sep,0,0
US,19-Sep,0,0
US,20-Sep,0,0
US,21-Sep,0,0
US,22-Sep,0,0
US,23-Sep,0,0
US,12-Oct,0,0
US,13-Oct,0,0
US,14-Oct,0,0
US,15-Oct,0,0
US,16-Oct,0,0
US,17-Oct,0,0
US,18-Oct,0,0
US,19-Oct,0,0
US,20-Oct,0,0
US,21-Oct,0,0
US,22-Oct,0,0
US,23-Oct,0,0
US,12-Nov,0,0
US,13-Nov,0,0
US,14-Nov,0,0
US,15-Nov,0,0
US,16-Nov,0,0
US,17-Nov,0,0
US,18-Nov,0,0
US,19-Nov,0,0
US,20-Nov,0,0
US,21-Nov,0,0
US,22-Nov,0,0
US,23-Nov,0,0
US,12-Dec,1,0
US,13-Dec,0,0
US,14-Dec,0,0
US,15-Dec,0,0
US,16-Dec,0,0
US,17-Dec,0,0
US,18-Dec,0,0
US,19-Dec,0,0
US,20-Dec,0,0
US,21-Dec,0,0
US,22-Dec,0,0
US,23-Dec,0,0
ZA,12-Jan,0,0
ZA,13-Jan,0,0
ZA,14-Jan,2,0
ZA,15-Jan,1,0
ZA,16-Jan,0,0
ZA,17-Jan,3,0
ZA,18-Jan,0,0
ZA,19-Jan,1,0
ZA,20-Jan,0,0
ZA,21-Jan,0,0
ZA,22-Jan,1,0
ZA,23-Jan,2,0
ZA,12-Feb,3,0
ZA,13-Feb,0,0
ZA,14-Feb,0,0
ZA,15-Feb,0,0
ZA,16-Feb,0,0
ZA,17-Feb,1,0
ZA,18-Feb,0,0
ZA,19-Feb,0,0
ZA,20-Feb,1,0
ZA,21-Feb,0,0
ZA,22-Feb,1,0
ZA,23-Feb,0,0
ZA,12-Mar,0,0
ZA,13-Mar,0,0
ZA,14-Mar,1,0
ZA,15-Mar,0,0
ZA,16-Mar,0,0
ZA,17-Mar,0,0
ZA,18-Mar,0,0
ZA,19-Mar,0,0
ZA,20-Mar,0,0
ZA,21-Mar,1,0
ZA,22-Mar,0,0
ZA,23-Mar,1,0
ZA,12-Apr,0,0
ZA,13-Apr,0,0
ZA,14-Apr,0,0
ZA,15-Apr,2,0
ZA,16-Apr,0,0
ZA,17-Apr,0,0
ZA,18-Apr,0,0
ZA,19-Apr,0,0
ZA,20-Apr,0,0
ZA,21-Apr,0,0
ZA,22-Apr,0,0
ZA,23-Apr,0,0
ZA,12-May,0,0
ZA,13-May,0,0
ZA,14-May,0,0
ZA,15-May,0,0
ZA,16-May,0,0
ZA,17-May,0,0
ZA,18-May,0,0
ZA,19-May,0,0
ZA,20-May,0,0
ZA,21-May,0,0
ZA,22-May,0,0
ZA,23-May,0,0
ZA,12-Jun,0,0
ZA,13-Jun,0,0
ZA,14-Jun,0,0
ZA,15-Jun,0,0
ZA,16-Jun,0,0
ZA,17-Jun,0,0
ZA,18-Jun,0,0
ZA,19-Jun,0,0
ZA,20-Jun,0,0
ZA,21-Jun,0,0
ZA,22-Jun,0,0
ZA,23-Jun,0,0
ZA,12-Jul,0,0
ZA,13-Jul,0,0
ZA,14-Jul,0,0
ZA,15-Jul,1,0
ZA,16-Jul,0,0
ZA,17-Jul,0,0
ZA,18-Jul,0,0
ZA,19-Jul,0,0
ZA,20-Jul,0,0
ZA,21-Jul,0,0
ZA,22-Jul,0,0
ZA,23-Jul,0,0
ZA,12-Aug,1,0
ZA,13-Aug,0,0
ZA,14-Aug,0,0
ZA,15-Aug,0,0
ZA,16-Aug,0,0
ZA,17-Aug,0,0
ZA,18-Aug,0,0
ZA,19-Aug,0,0
ZA,20-Aug,0,0
ZA,21-Aug,0,0
ZA,22-Aug,0,0
ZA,23-Aug,0,0
ZA,12-Sep,0,0
ZA,13-Sep,0,0
ZA,14-Sep,0,0
ZA,15-Sep,0,0
ZA,16-Sep,1,0
ZA,17-Sep,0,0
ZA,18-Sep,0,0
ZA,19-Sep,0,0
ZA,20-Sep,0,0
ZA,21-Sep,0,0
ZA,22-Sep,0,0
ZA,23-Sep,0,0
ZA,12-Oct,0,0
ZA,13-Oct,0,0
ZA,14-Oct,0,0
ZA,15-Oct,0,0
ZA,16-Oct,0,0
ZA,17-Oct,0,0
ZA,18-Oct,0,0
ZA,19-Oct,0,0
ZA,20-Oct,0,0
ZA,21-Oct,0,0
ZA,22-Oct,0,0
ZA,23-Oct,0,0
ZA,12-Nov,0,0
ZA,13-Nov,0,0
ZA,14-Nov,0,0
ZA,15-Nov,0,0
ZA,16-Nov,1,0
ZA,17-Nov,0,0
ZA,18-Nov,0,0
ZA,19-Nov,0,0
ZA,20-Nov,0,0
ZA,21-Nov,3,1
ZA,22-Nov,2,0
ZA,23-Nov,1,0
ZA,12-Dec,0,0
ZA,13-Dec,0,0
ZA,14-Dec,1,0
ZA,15-Dec,0,0
ZA,16-Dec,0,0
ZA,17-Dec,0,0
ZA,18-Dec,0,0
ZA,19-Dec,0,0
ZA,20-Dec,1,0
ZA,21-Dec,0,0
ZA,22-Dec,1,0
ZA,23-Dec,1,0